Code,Constituency,Slug,Region,Food banks
E14001063,Aldershot,aldershot,,1
E14001064,Aldridge-Brownhills,aldridge-brownhills,,1
E14001065,Altrincham and Sale West,altrincham-and-sale-west,,1
E14001066,Amber Valley,amber-valley,,0
E14001067,Arundel and South Downs,arundel-and-south-downs,,0
E14001068,Ashfield,ashfield,,4
E14001069,Ashford,ashford,,1
E14001070,Ashton-under-Lyne,ashton-under-lyne,,1
E14001071,Aylesbury,aylesbury,,2
E14001072,Banbury,banbury,,3
E14001073,Barking,barking,,0
E14001074,Barnsley North,barnsley-north,,0
E14001075,Barnsley South,barnsley-south,,2
E14001076,Barrow and Furness,barrow-and-furness,,1
E14001077,Basildon and Billericay,basildon-and-billericay,,3
E14001078,Basingstoke,basingstoke,,2
E14001079,Bassetlaw,bassetlaw,,1
E14001080,Bath,bath,,1
E14001081,Battersea,battersea,,1
E14001082,Beaconsfield,beaconsfield,,0
E14001083,Beckenham and Penge,beckenham-and-penge,,2
E14001084,Bedford,bedford,,2
E14001085,Bermondsey and Old Southwark,bermondsey-and-old-southwark,,0
E14001086,Bethnal Green and Stepney,bethnal-green-and-stepney,,0
E14001087,Beverley and Holderness,beverley-and-holderness,,2
E14001088,Bexhill and Battle,bexhill-and-battle,,1
E14001089,Bexleyheath and Crayford,bexleyheath-and-crayford,,0
E14001090,Bicester and Woodstock,bicester-and-woodstock,,3
E14001091,Birkenhead,birkenhead,,0
E14001092,Birmingham Edgbaston,birmingham-edgbaston,,1
E14001093,Birmingham Erdington,birmingham-erdington,,2
E14001094,Birmingham Hall Green and Moseley,birmingham-hall-green-and-moseley,,0
E14001095,Birmingham Hodge Hill and Solihull North,birmingham-hodge-hill-and-solihull-north,,1
E14001096,Birmingham Ladywood,birmingham-ladywood,,3
E14001097,Birmingham Northfield,birmingham-northfield,,2
E14001098,Birmingham Perry Barr,birmingham-perry-barr,,2
E14001099,Birmingham Selly Oak,birmingham-selly-oak,,1
E14001100,Birmingham Yardley,birmingham-yardley,,1
E14001101,Bishop Auckland,bishop-auckland,,2
E14001102,Blackburn,blackburn,,1
E14001103,Blackley and Middleton South,blackley-and-middleton-south,,2
E14001104,Blackpool North and Fleetwood,blackpool-north-and-fleetwood,,2
E14001105,Blackpool South,blackpool-south,,1
E14001106,Blaydon and Consett,blaydon-and-consett,,1
E14001107,Blyth and Ashington,blyth-and-ashington,,2
E14001108,Bognor Regis and Littlehampton,bognor-regis-and-littlehampton,,3
E14001109,Bolsover,bolsover,,3
E14001110,Bolton North East,bolton-north-east,,1
E14001111,Bolton South and Walkden,bolton-south-and-walkden,,1
E14001112,Bolton West,bolton-west,,1
E14001113,Bootle,bootle,,1
E14001114,Boston and Skegness,boston-and-skegness,,2
E14001115,Bournemouth East,bournemouth-east,,1
E14001116,Bournemouth West,bournemouth-west,,1
E14001117,Bracknell,bracknell,,2
E14001118,Bradford East,bradford-east,,1
E14001119,Bradford South,bradford-south,,2
E14001120,Bradford West,bradford-west,,3
E14001121,Braintree,braintree,,1
E14001122,Brent East,brent-east,,2
E14001123,Brent West,brent-west,,0
E14001124,Brentford and Isleworth,brentford-and-isleworth,,1
E14001125,Brentwood and Ongar,brentwood-and-ongar,,1
E14001126,Bridgwater,bridgwater,,2
E14001127,Bridlington and The Wolds,bridlington-and-the-wolds,,0
E14001128,Brigg and Immingham,brigg-and-immingham,,0
E14001129,Brighton Kemptown and Peacehaven,brighton-kemptown-and-peacehaven,,1
E14001130,Brighton Pavilion,brighton-pavilion,,2
E14001131,Bristol Central,bristol-central,,0
E14001132,Bristol East,bristol-east,,1
E14001133,Bristol North East,bristol-north-east,,1
E14001134,Bristol North West,bristol-north-west,,2
E14001135,Bristol South,bristol-south,,2
E14001136,Broadland and Fakenham,broadland-and-fakenham,,0
E14001137,Bromley and Biggin Hill,bromley-and-biggin-hill,,0
E14001138,Bromsgrove,bromsgrove,,2
E14001139,Broxbourne,broxbourne,,1
E14001140,Broxtowe,broxtowe,,5
E14001141,Buckingham and Bletchley,buckingham-and-bletchley,,1
E14001142,Burnley,burnley,,1
E14001143,Burton and Uttoxeter,burton-and-uttoxeter,,1
E14001144,Bury North,bury-north,,4
E14001145,Bury South,bury-south,,1
E14001146,Bury St Edmunds and Stowmarket,bury-st-edmunds-and-stowmarket,,3
E14001147,Calder Valley,calder-valley,,2
E14001148,Camborne and Redruth,camborne-and-redruth,,2
E14001149,Cambridge,cambridge,,1
E14001150,Cannock Chase,cannock-chase,,2
E14001151,Canterbury,canterbury,,1
E14001152,Carlisle,carlisle,,2
E14001153,Carshalton and Wallington,carshalton-and-wallington,,1
E14001154,Castle Point,castle-point,,0
E14001155,Central Devon,central-devon,,7
E14001156,Central Suffolk and North Ipswich,central-suffolk-and-north-ipswich,,1
E14001157,Chatham and Aylesford,chatham-and-aylesford,,2
E14001158,Cheadle,cheadle,,0
E14001159,Chelmsford,chelmsford,,1
E14001160,Chelsea and Fulham,chelsea-and-fulham,,3
E14001161,Cheltenham,cheltenham,,2
E14001162,Chesham and Amersham,chesham-and-amersham,,1
E14001163,Chester North and Neston,chester-north-and-neston,,1
E14001164,Chester South and Eddisbury,chester-south-and-eddisbury,,0
E14001165,Chesterfield,chesterfield,,1
E14001166,Chichester,chichester,,1
E14001167,Chingford and Woodford Green,chingford-and-woodford-green,,0
E14001168,Chippenham,chippenham,,2
E14001169,Chipping Barnet,chipping-barnet,,1
E14001170,Chorley,chorley,,2
E14001171,Christchurch,christchurch,,2
E14001172,Cities of London and Westminster,cities-of-london-and-westminster,,1
E14001173,City of Durham,city-of-durham,,0
E14001174,Clacton,clacton,,1
E14001175,Clapham and Brixton Hill,clapham-and-brixton-hill,,0
E14001176,Colchester,colchester,,0
E14001177,Colne Valley,colne-valley,,2
E14001178,Congleton,congleton,,4
E14001179,Corby and East Northamptonshire,corby-and-east-northamptonshire,,3
E14001180,Coventry East,coventry-east,,1
E14001181,Coventry North West,coventry-north-west,,0
E14001182,Coventry South,coventry-south,,1
E14001183,Cramlington and Killingworth,cramlington-and-killingworth,,1
E14001184,Crawley,crawley,,1
E14001185,Crewe and Nantwich,crewe-and-nantwich,,2
E14001186,Croydon East,croydon-east,,0
E14001187,Croydon South,croydon-south,,1
E14001188,Croydon West,croydon-west,,1
E14001189,Dagenham and Rainham,dagenham-and-rainham,,3
E14001190,Darlington,darlington,,1
E14001191,Dartford,dartford,,1
E14001192,Daventry,daventry,,2
E14001193,Derby North,derby-north,,0
E14001194,Derby South,derby-south,,2
E14001195,Derbyshire Dales,derbyshire-dales,,3
E14001196,Dewsbury and Batley,dewsbury-and-batley,,1
E14001197,Didcot and Wantage,didcot-and-wantage,,2
E14001198,Doncaster Central,doncaster-central,,1
E14001199,Doncaster East and the Isle of Axholme,doncaster-east-and-the-isle-of-axholme,,1
E14001200,Doncaster North,doncaster-north,,2
E14001201,Dorking and Horley,dorking-and-horley,,1
E14001202,Dover and Deal,dover-and-deal,,2
E14001203,Droitwich and Evesham,droitwich-and-evesham,,2
E14001204,Dudley,dudley,,0
E14001205,Dulwich and West Norwood,dulwich-and-west-norwood,,2
E14001206,Dunstable and Leighton Buzzard,dunstable-and-leighton-buzzard,,3
E14001207,Ealing Central and Acton,ealing-central-and-acton,,0
E14001208,Ealing North,ealing-north,,1
E14001209,Ealing Southall,ealing-southall,,1
E14001210,Earley and Woodley,earley-and-woodley,,1
E14001211,Easington,easington,,0
E14001212,East Grinstead and Uckfield,east-grinstead-and-uckfield,,2
E14001213,East Ham,east-ham,,0
E14001214,East Hampshire,east-hampshire,,2
E14001215,East Surrey,east-surrey,,2
E14001216,East Thanet,east-thanet,,2
E14001217,East Wiltshire,east-wiltshire,,0
E14001218,East Worthing and Shoreham,east-worthing-and-shoreham,,1
E14001219,Eastbourne,eastbourne,,1
E14001220,Eastleigh,eastleigh,,1
E14001221,Edmonton and Winchmore Hill,edmonton-and-winchmore-hill,,3
E14001222,Ellesmere Port and Bromborough,ellesmere-port-and-bromborough,,0
E14001223,Eltham and Chislehurst,eltham-and-chislehurst,,3
E14001224,Ely and East Cambridgeshire,ely-and-east-cambridgeshire,,1
E14001225,Enfield North,enfield-north,,0
E14001226,Epping Forest,epping-forest,,2
E14001227,Epsom and Ewell,epsom-and-ewell,,1
E14001228,Erewash,erewash,,3
E14001229,Erith and Thamesmead,erith-and-thamesmead,,1
E14001230,Esher and Walton,esher-and-walton,,2
E14001231,Exeter,exeter,,1
E14001232,Exmouth and Exeter East,exmouth-and-exeter-east,,1
E14001233,Fareham and Waterlooville,fareham-and-waterlooville,,3
E14001234,Farnham and Bordon,farnham-and-bordon,,4
E14001235,Faversham and Mid Kent,faversham-and-mid-kent,,1
E14001236,Feltham and Heston,feltham-and-heston,,3
E14001237,Filton and Bradley Stoke,filton-and-bradley-stoke,,0
E14001238,Finchley and Golders Green,finchley-and-golders-green,,1
E14001239,Folkestone and Hythe,folkestone-and-hythe,,1
E14001240,Forest of Dean,forest-of-dean,,2
E14001241,Frome and East Somerset,frome-and-east-somerset,,2
E14001242,Fylde,fylde,,2
E14001243,Gainsborough,gainsborough,,1
E14001244,Gateshead Central and Whickham,gateshead-central-and-whickham,,1
E14001245,Gedling,gedling,,1
E14001246,Gillingham and Rainham,gillingham-and-rainham,,0
E14001247,Glastonbury and Somerton,glastonbury-and-somerton,,2
E14001248,Gloucester,gloucester,,1
E14001249,Godalming and Ash,godalming-and-ash,,2
E14001250,Goole and Pocklington,goole-and-pocklington,,1
E14001251,Gorton and Denton,gorton-and-denton,,2
E14001252,Gosport,gosport,,0
E14001253,Grantham and Bourne,grantham-and-bourne,,2
E14001254,Gravesham,gravesham,,2
E14001255,Great Grimsby and Cleethorpes,great-grimsby-and-cleethorpes,,2
E14001256,Great Yarmouth,great-yarmouth,,5
E14001257,Greenwich and Woolwich,greenwich-and-woolwich,,0
E14001258,Guildford,guildford,,1
E14001259,Hackney North and Stoke Newington,hackney-north-and-stoke-newington,,1
E14001260,Hackney South and Shoreditch,hackney-south-and-shoreditch,,0
E14001261,Halesowen,halesowen,,0
E14001262,Halifax,halifax,,0
E14001263,Hamble Valley,hamble-valley,,3
E14001264,Hammersmith and Chiswick,hammersmith-and-chiswick,,0
E14001265,Hampstead and Highgate,hampstead-and-highgate,,1
E14001266,"Harborough, Oadby and Wigston","harborough,-oadby-and-wigston",,2
E14001267,Harlow,harlow,,1
E14001268,Harpenden and Berkhamsted,harpenden-and-berkhamsted,,2
E14001269,Harrogate and Knaresborough,harrogate-and-knaresborough,,1
E14001270,Harrow East,harrow-east,,0
E14001271,Harrow West,harrow-west,,1
E14001272,Hartlepool,hartlepool,,1
E14001273,Harwich and North Essex,harwich-and-north-essex,,0
E14001274,Hastings and Rye,hastings-and-rye,,2
E14001275,Havant,havant,,1
E14001276,Hayes and Harlington,hayes-and-harlington,,1
E14001277,Hazel Grove,hazel-grove,,1
E14001278,Hemel Hempstead,hemel-hempstead,,1
E14001279,Hendon,hendon,,1
E14001280,Henley and Thame,henley-and-thame,,2
E14001281,Hereford and South Herefordshire,hereford-and-south-herefordshire,,1
E14001282,Herne Bay and Sandwich,herne-bay-and-sandwich,,0
E14001283,Hertford and Stortford,hertford-and-stortford,,2
E14001284,Hertsmere,hertsmere,,3
E14001285,Hexham,hexham,,1
E14001286,Heywood and Middleton North,heywood-and-middleton-north,,1
E14001287,High Peak,high-peak,,2
E14001288,Hinckley and Bosworth,hinckley-and-bosworth,,1
E14001289,Hitchin,hitchin,,1
E14001290,Holborn and St Pancras,holborn-and-st-pancras,,6
E14001291,Honiton and Sidmouth,honiton-and-sidmouth,,6
E14001292,Hornchurch and Upminster,hornchurch-and-upminster,,1
E14001293,Hornsey and Friern Barnet,hornsey-and-friern-barnet,,3
E14001294,Horsham,horsham,,1
E14001295,Houghton and Sunderland South,houghton-and-sunderland-south,,0
E14001296,Hove and Portslade,hove-and-portslade,,2
E14001297,Huddersfield,huddersfield,,2
E14001298,Huntingdon,huntingdon,,4
E14001299,Hyndburn,hyndburn,,0
E14001300,Ilford North,ilford-north,,1
E14001301,Ilford South,ilford-south,,1
E14001302,Ipswich,ipswich,,0
E14001303,Isle of Wight East,isle-of-wight-east,,1
E14001304,Isle of Wight West,isle-of-wight-west,,1
E14001305,Islington North,islington-north,,3
E14001306,Islington South and Finsbury,islington-south-and-finsbury,,2
E14001307,Jarrow and Gateshead East,jarrow-and-gateshead-east,,1
E14001308,Keighley and Ilkley,keighley-and-ilkley,,1
E14001309,Kenilworth and Southam,kenilworth-and-southam,,1
E14001310,Kensington and Bayswater,kensington-and-bayswater,,1
E14001311,Kettering,kettering,,3
E14001312,Kingston and Surbiton,kingston-and-surbiton,,1
E14001313,Kingston upon Hull East,kingston-upon-hull-east,,1
E14001314,Kingston upon Hull North and Cottingham,kingston-upon-hull-north-and-cottingham,,0
E14001315,Kingston upon Hull West and Haltemprice,kingston-upon-hull-west-and-haltemprice,,2
E14001316,Kingswinford and South Staffordshire,kingswinford-and-south-staffordshire,,0
E14001317,Knowsley,knowsley,,1
E14001318,Lancaster and Wyre,lancaster-and-wyre,,1
E14001319,Leeds Central and Headingley,leeds-central-and-headingley,,1
E14001320,Leeds East,leeds-east,,0
E14001321,Leeds North East,leeds-north-east,,0
E14001322,Leeds North West,leeds-north-west,,1
E14001323,Leeds South,leeds-south,,1
E14001324,Leeds South West and Morley,leeds-south-west-and-morley,,1
E14001325,Leeds West and Pudsey,leeds-west-and-pudsey,,1
E14001326,Leicester East,leicester-east,,1
E14001327,Leicester South,leicester-south,,0
E14001328,Leicester West,leicester-west,,3
E14001329,Leigh and Atherton,leigh-and-atherton,,1
E14001330,Lewes,lewes,,3
E14001331,Lewisham East,lewisham-east,,2
E14001332,Lewisham North,lewisham-north,,3
E14001333,Lewisham West and East Dulwich,lewisham-west-and-east-dulwich,,0
E14001334,Leyton and Wanstead,leyton-and-wanstead,,0
E14001335,Lichfield,lichfield,,1
E14001336,Lincoln,lincoln,,2
E14001337,Liverpool Garston,liverpool-garston,,2
E14001338,Liverpool Riverside,liverpool-riverside,,1
E14001339,Liverpool Walton,liverpool-walton,,1
E14001340,Liverpool Wavertree,liverpool-wavertree,,1
E14001341,Liverpool West Derby,liverpool-west-derby,,0
E14001342,Loughborough,loughborough,,1
E14001343,Louth and Horncastle,louth-and-horncastle,,4
E14001344,Lowestoft,lowestoft,,1
E14001345,Luton North,luton-north,,0
E14001346,Luton South and South Bedfordshire,luton-south-and-south-bedfordshire,,1
E14001347,Macclesfield,macclesfield,,1
E14001348,Maidenhead,maidenhead,,1
E14001349,Maidstone and Malling,maidstone-and-malling,,1
E14001350,Makerfield,makerfield,,1
E14001351,Maldon,maldon,,2
E14001352,Manchester Central,manchester-central,,4
E14001353,Manchester Rusholme,manchester-rusholme,,4
E14001354,Manchester Withington,manchester-withington,,2
E14001355,Mansfield,mansfield,,1
E14001356,Melksham and Devizes,melksham-and-devizes,,3
E14001357,Melton and Syston,melton-and-syston,,1
E14001358,Meriden and Solihull East,meriden-and-solihull-east,,0
E14001359,Mid Bedfordshire,mid-bedfordshire,,0
E14001360,Mid Buckinghamshire,mid-buckinghamshire,,0
E14001361,Mid Cheshire,mid-cheshire,,1
E14001362,Mid Derbyshire,mid-derbyshire,,1
E14001363,Mid Dorset and North Poole,mid-dorset-and-north-poole,,1
E14001364,Mid Leicestershire,mid-leicestershire,,1
E14001365,Mid Norfolk,mid-norfolk,,1
E14001366,Mid Sussex,mid-sussex,,2
E14001367,Middlesbrough and Thornaby East,middlesbrough-and-thornaby-east,,2
E14001368,Middlesbrough South and East Cleveland,middlesbrough-south-and-east-cleveland,,0
E14001369,Milton Keynes Central,milton-keynes-central,,1
E14001370,Milton Keynes North,milton-keynes-north,,0
E14001371,Mitcham and Morden,mitcham-and-morden,,0
E14001372,Morecambe and Lunesdale,morecambe-and-lunesdale,,2
E14001373,New Forest East,new-forest-east,,1
E14001374,New Forest West,new-forest-west,,2
E14001375,Newark,newark,,1
E14001376,Newbury,newbury,,1
E14001377,Newcastle upon Tyne Central and West,newcastle-upon-tyne-central-and-west,,2
E14001378,Newcastle upon Tyne East and Wallsend,newcastle-upon-tyne-east-and-wallsend,,2
E14001379,Newcastle upon Tyne North,newcastle-upon-tyne-north,,1
E14001380,Newcastle-under-Lyme,newcastle-under-lyme,,1
E14001381,Newton Abbot,newton-abbot,,2
E14001382,Newton Aycliffe and Spennymoor,newton-aycliffe-and-spennymoor,,0
E14001383,Normanton and Hemsworth,normanton-and-hemsworth,,2
E14001384,North Bedfordshire,north-bedfordshire,,1
E14001385,North Cornwall,north-cornwall,,3
E14001386,North Cotswolds,north-cotswolds,,1
E14001387,North Devon,north-devon,,0
E14001388,North Dorset,north-dorset,,3
E14001389,North Durham,north-durham,,1
E14001390,North East Cambridgeshire,north-east-cambridgeshire,,1
E14001391,North East Derbyshire,north-east-derbyshire,,2
E14001392,North East Hampshire,north-east-hampshire,,1
E14001393,North East Hertfordshire,north-east-hertfordshire,,1
E14001394,North East Somerset and Hanham,north-east-somerset-and-hanham,,1
E14001395,North Herefordshire,north-herefordshire,,3
E14001396,North Norfolk,north-norfolk,,1
E14001397,North Northumberland,north-northumberland,,3
E14001398,North Shropshire,north-shropshire,,3
E14001399,North Somerset,north-somerset,,1
E14001400,North Warwickshire and Bedworth,north-warwickshire-and-bedworth,,0
E14001401,North West Cambridgeshire,north-west-cambridgeshire,,1
E14001402,North West Essex,north-west-essex,,1
E14001403,North West Hampshire,north-west-hampshire,,1
E14001404,North West Leicestershire,north-west-leicestershire,,2
E14001405,North West Norfolk,north-west-norfolk,,2
E14001406,Northampton North,northampton-north,,3
E14001407,Northampton South,northampton-south,,0
E14001408,Norwich North,norwich-north,,0
E14001409,Norwich South,norwich-south,,2
E14001410,Nottingham East,nottingham-east,,2
E14001411,Nottingham North and Kimberley,nottingham-north-and-kimberley,,1
E14001412,Nottingham South,nottingham-south,,1
E14001413,Nuneaton,nuneaton,,1
E14001414,Old Bexley and Sidcup,old-bexley-and-sidcup,,0
E14001415,Oldham East and Saddleworth,oldham-east-and-saddleworth,,1
E14001416,"Oldham West, Chadderton and Royton","oldham-west,-chadderton-and-royton",,0
E14001417,Orpington,orpington,,1
E14001418,Ossett and Denby Dale,ossett-and-denby-dale,,0
E14001419,Oxford East,oxford-east,,0
E14001420,Oxford West and Abingdon,oxford-west-and-abingdon,,3
E14001421,Peckham,peckham,,3
E14001422,Pendle and Clitheroe,pendle-and-clitheroe,,1
E14001423,Penistone and Stocksbridge,penistone-and-stocksbridge,,2
E14001424,Penrith and Solway,penrith-and-solway,,1
E14001425,Peterborough,peterborough,,1
E14001426,Plymouth Moor View,plymouth-moor-view,,2
E14001427,Plymouth Sutton and Devonport,plymouth-sutton-and-devonport,,1
E14001428,"Pontefract, Castleford and Knottingley","pontefract,-castleford-and-knottingley",,4
E14001429,Poole,poole,,1
E14001430,Poplar and Limehouse,poplar-and-limehouse,,0
E14001431,Portsmouth North,portsmouth-north,,0
E14001432,Portsmouth South,portsmouth-south,,1
E14001433,Preston,preston,,1
E14001434,Putney,putney,,0
E14001435,Queen's Park and Maida Vale,queen's-park-and-maida-vale,,2
E14001436,Rawmarsh and Conisbrough,rawmarsh-and-conisbrough,,1
E14001437,Rayleigh and Wickford,rayleigh-and-wickford,,0
E14001438,Reading Central,reading-central,,2
E14001439,Reading West and Mid Berkshire,reading-west-and-mid-berkshire,,0
E14001440,Redcar,redcar,,1
E14001441,Redditch,redditch,,2
E14001442,Reigate,reigate,,3
E14001443,Ribble Valley,ribble-valley,,0
E14001444,Richmond and Northallerton,richmond-and-northallerton,,3
E14001445,Richmond Park,richmond-park,,1
E14001446,Rochdale,rochdale,,1
E14001447,Rochester and Strood,rochester-and-strood,,2
E14001448,Romford,romford,,1
E14001449,Romsey and Southampton North,romsey-and-southampton-north,,1
E14001450,Rossendale and Darwen,rossendale-and-darwen,,1
E14001451,Rother Valley,rother-valley,,1
E14001452,Rotherham,rotherham,,1
E14001453,Rugby,rugby,,1
E14001454,"Ruislip, Northwood and Pinner","ruislip,-northwood-and-pinner",,0
E14001455,Runcorn and Helsby,runcorn-and-helsby,,2
E14001456,Runnymede and Weybridge,runnymede-and-weybridge,,3
E14001457,Rushcliffe,rushcliffe,,1
E14001458,Rutland and Stamford,rutland-and-stamford,,2
E14001459,Salford,salford,,2
E14001460,Salisbury,salisbury,,1
E14001461,Scarborough and Whitby,scarborough-and-whitby,,1
E14001462,Scunthorpe,scunthorpe,,1
E14001463,Sefton Central,sefton-central,,1
E14001464,Selby,selby,,1
E14001465,Sevenoaks,sevenoaks,,3
E14001466,Sheffield Brightside and Hillsborough,sheffield-brightside-and-hillsborough,,2
E14001467,Sheffield Central,sheffield-central,,0
E14001468,Sheffield Hallam,sheffield-hallam,,0
E14001469,Sheffield Heeley,sheffield-heeley,,2
E14001470,Sheffield South East,sheffield-south-east,,3
E14001471,Sherwood Forest,sherwood-forest,,2
E14001472,Shipley,shipley,,1
E14001473,Shrewsbury,shrewsbury,,1
E14001474,Sittingbourne and Sheppey,sittingbourne-and-sheppey,,1
E14001475,Skipton and Ripon,skipton-and-ripon,,2
E14001476,Sleaford and North Hykeham,sleaford-and-north-hykeham,,2
E14001477,Slough,slough,,1
E14001478,Smethwick,smethwick,,2
E14001479,Solihull West and Shirley,solihull-west-and-shirley,,1
E14001480,South Basildon and East Thurrock,south-basildon-and-east-thurrock,,1
E14001481,South Cambridgeshire,south-cambridgeshire,,0
E14001482,South Cotswolds,south-cotswolds,,2
E14001483,South Derbyshire,south-derbyshire,,1
E14001484,South Devon,south-devon,,4
E14001485,South Dorset,south-dorset,,2
E14001486,South East Cornwall,south-east-cornwall,,4
E14001487,South Holland and The Deepings,south-holland-and-the-deepings,,4
E14001488,South Leicestershire,south-leicestershire,,2
E14001489,South Norfolk,south-norfolk,,0
E14001490,South Northamptonshire,south-northamptonshire,,2
E14001491,South Ribble,south-ribble,,0
E14001492,South Shields,south-shields,,2
E14001493,South Shropshire,south-shropshire,,5
E14001494,South Suffolk,south-suffolk,,2
E14001495,South West Devon,south-west-devon,,2
E14001496,South West Hertfordshire,south-west-hertfordshire,,2
E14001497,South West Norfolk,south-west-norfolk,,4
E14001498,South West Wiltshire,south-west-wiltshire,,3
E14001499,Southampton Itchen,southampton-itchen,,0
E14001500,Southampton Test,southampton-test,,1
E14001501,Southend East and Rochford,southend-east-and-rochford,,2
E14001502,Southend West and Leigh,southend-west-and-leigh,,0
E14001503,Southgate and Wood Green,southgate-and-wood-green,,2
E14001504,Southport,southport,,2
E14001505,Spelthorne,spelthorne,,3
E14001506,Spen Valley,spen-valley,,1
E14001507,St Albans,st-albans,,0
E14001508,St Austell and Newquay,st-austell-and-newquay,,2
E14001509,St Helens North,st-helens-north,,1
E14001510,St Helens South and Whiston,st-helens-south-and-whiston,,0
E14001511,St Ives,st-ives,,4
E14001512,St Neots and Mid Cambridgeshire,st-neots-and-mid-cambridgeshire,,1
E14001513,Stafford,stafford,,2
E14001514,Staffordshire Moorlands,staffordshire-moorlands,,2
E14001515,Stalybridge and Hyde,stalybridge-and-hyde,,2
E14001516,Stevenage,stevenage,,2
E14001517,Stockport,stockport,,1
E14001518,Stockton North,stockton-north,,1
E14001519,Stockton West,stockton-west,,0
E14001520,Stoke-on-Trent Central,stoke-on-trent-central,,0
E14001521,Stoke-on-Trent North,stoke-on-trent-north,,0
E14001522,Stoke-on-Trent South,stoke-on-trent-south,,1
E14001523,"Stone, Great Wyrley and Penkridge","stone,-great-wyrley-and-penkridge",,2
E14001524,Stourbridge,stourbridge,,1
E14001525,Stratford and Bow,stratford-and-bow,,3
E14001526,Stratford-on-Avon,stratford-on-avon,,3
E14001527,Streatham and Croydon North,streatham-and-croydon-north,,2
E14001528,Stretford and Urmston,stretford-and-urmston,,1
E14001529,Stroud,stroud,,1
E14001530,Suffolk Coastal,suffolk-coastal,,1
E14001531,Sunderland Central,sunderland-central,,1
E14001532,Surrey Heath,surrey-heath,,1
E14001533,Sussex Weald,sussex-weald,,2
E14001534,Sutton and Cheam,sutton-and-cheam,,0
E14001535,Sutton Coldfield,sutton-coldfield,,2
E14001536,Swindon North,swindon-north,,1
E14001537,Swindon South,swindon-south,,1
E14001538,Tamworth,tamworth,,1
E14001539,Tatton,tatton,,0
E14001540,Taunton and Wellington,taunton-and-wellington,,1
E14001541,Telford,telford,,1
E14001542,Tewkesbury,tewkesbury,,2
E14001543,The Wrekin,the-wrekin,,2
E14001544,Thirsk and Malton,thirsk-and-malton,,2
E14001545,Thornbury and Yate,thornbury-and-yate,,0
E14001546,Thurrock,thurrock,,0
E14001547,Tipton and Wednesbury,tipton-and-wednesbury,,1
E14001548,Tiverton and Minehead,tiverton-and-minehead,,2
E14001549,Tonbridge,tonbridge,,2
E14001550,Tooting,tooting,,1
E14001551,Torbay,torbay,,0
E14001552,Torridge and Tavistock,torridge-and-tavistock,,2
E14001553,Tottenham,tottenham,,3
E14001554,Truro and Falmouth,truro-and-falmouth,,2
E14001555,Tunbridge Wells,tunbridge-wells,,2
E14001556,Twickenham,twickenham,,0
E14001557,Tynemouth,tynemouth,,1
E14001558,Uxbridge and South Ruislip,uxbridge-and-south-ruislip,,2
E14001559,Vauxhall and Camberwell Green,vauxhall-and-camberwell-green,,0
E14001560,Wakefield and Rothwell,wakefield-and-rothwell,,0
E14001561,Wallasey,wallasey,,1
E14001562,Walsall and Bloxwich,walsall-and-bloxwich,,1
E14001563,Walthamstow,walthamstow,,2
E14001564,Warrington North,warrington-north,,1
E14001565,Warrington South,warrington-south,,0
E14001566,Warwick and Leamington,warwick-and-leamington,,1
E14001567,Washington and Gateshead South,washington-and-gateshead-south,,1
E14001568,Watford,watford,,1
E14001569,Waveney Valley,waveney-valley,,1
E14001570,Weald of Kent,weald-of-kent,,0
E14001571,Wellingborough and Rushden,wellingborough-and-rushden,,2
E14001572,Wells and Mendip Hills,wells-and-mendip-hills,,2
E14001573,Welwyn Hatfield,welwyn-hatfield,,4
E14001574,West Bromwich,west-bromwich,,2
E14001575,West Dorset,west-dorset,,4
E14001576,West Ham and Beckton,west-ham-and-beckton,,2
E14001577,West Lancashire,west-lancashire,,2
E14001578,West Suffolk,west-suffolk,,3
E14001579,West Worcestershire,west-worcestershire,,2
E14001580,Westmorland and Lonsdale,westmorland-and-lonsdale,,3
E14001581,Weston-super-Mare,weston-super-mare,,1
E14001582,Wetherby and Easingwold,wetherby-and-easingwold,,2
E14001583,Whitehaven and Workington,whitehaven-and-workington,,0
E14001584,Widnes and Halewood,widnes-and-halewood,,1
E14001585,Wigan,wigan,,1
E14001586,Wimbledon,wimbledon,,3
E14001587,Winchester,winchester,,1
E14001588,Windsor,windsor,,1
E14001589,Wirral West,wirral-west,,0
E14001590,Witham,witham,,1
E14001591,Witney,witney,,2
E14001592,Woking,woking,,1
E14001593,Wokingham,wokingham,,1
E14001594,Wolverhampton North East,wolverhampton-north-east,,1
E14001595,Wolverhampton South East,wolverhampton-south-east,,0
E14001596,Wolverhampton West,wolverhampton-west,,1
E14001597,Worcester,worcester,,1
E14001598,Worsley and Eccles,worsley-and-eccles,,1
E14001599,Worthing West,worthing-west,,1
E14001600,Wycombe,wycombe,,2
E14001601,Wyre Forest,wyre-forest,,2
E14001602,Wythenshawe and Sale East,wythenshawe-and-sale-east,,1
E14001603,Yeovil,yeovil,,3
E14001604,York Central,york-central,,0
E14001605,York Outer,york-outer,,1
N05000001,Belfast East,belfast-east,,2
N05000002,Belfast North,belfast-north,,0
N05000003,Belfast South and Mid Down,belfast-south-and-mid-down,,1
N05000004,Belfast West,belfast-west,,2
N05000005,East Antrim,east-antrim,,2
N05000006,East Londonderry,east-londonderry,,1
N05000007,Fermanagh and South Tyrone,fermanagh-and-south-tyrone,,2
N05000008,Foyle,foyle,,1
N05000009,Lagan Valley,lagan-valley,,1
N05000010,Mid Ulster,mid-ulster,,1
N05000011,Newry and Armagh,newry-and-armagh,,1
N05000012,North Antrim,north-antrim,,4
N05000013,North Down,north-down,,2
N05000014,South Antrim,south-antrim,,2
N05000015,South Down,south-down,,1
N05000016,Strangford,strangford,,2
N05000017,Upper Bann,upper-bann,,1
N05000018,West Tyrone,west-tyrone,,1
S14000021,East Renfrewshire,east-renfrewshire,,1
S14000027,Na h-Eileanan an Iar,na-h-eileanan-an-iar,,4
S14000045,Midlothian,midlothian,,2
S14000048,North Ayrshire and Arran,north-ayrshire-and-arran,,2
S14000051,Orkney and Shetland,orkney-and-shetland,,2
S14000060,Aberdeen North,aberdeen-north,,2
S14000061,Aberdeen South,aberdeen-south,,2
S14000062,Aberdeenshire North and Moray East,aberdeenshire-north-and-moray-east,,0
S14000063,Airdrie and Shotts,airdrie-and-shotts,,1
S14000064,Alloa and Grangemouth,alloa-and-grangemouth,,2
S14000065,Angus and Perthshire Glens,angus-and-perthshire-glens,,0
S14000066,Arbroath and Broughty Ferry,arbroath-and-broughty-ferry,,0
S14000067,"Argyll, Bute and South Lochaber","argyll,-bute-and-south-lochaber",,6
S14000068,Bathgate and Linlithgow,bathgate-and-linlithgow,,1
S14000069,"Caithness, Sutherland and Easter Ross","caithness,-sutherland-and-easter-ross",,6
S14000070,Coatbridge and Bellshill,coatbridge-and-bellshill,,1
S14000071,Cowdenbeath and Kirkcaldy,cowdenbeath-and-kirkcaldy,,1
S14000072,Cumbernauld and Kirkintilloch,cumbernauld-and-kirkintilloch,,2
S14000073,Dumfries and Galloway,dumfries-and-galloway,,6
S14000074,"Dumfriesshire, Clydesdale and Tweeddale","dumfriesshire,-clydesdale-and-tweeddale",,1
S14000075,Dundee Central,dundee-central,,1
S14000076,Dunfermline and Dollar,dunfermline-and-dollar,,2
S14000077,East Kilbride and Strathaven,east-kilbride-and-strathaven,,2
S14000078,Edinburgh East and Musselburgh,edinburgh-east-and-musselburgh,,0
S14000079,Edinburgh North and Leith,edinburgh-north-and-leith,,1
S14000080,Edinburgh South,edinburgh-south,,1
S14000081,Edinburgh South West,edinburgh-south-west,,3
S14000082,Edinburgh West,edinburgh-west,,0
S14000083,Falkirk,falkirk,,2
S14000084,Glasgow East,glasgow-east,,3
S14000085,Glasgow North,glasgow-north,,1
S14000086,Glasgow North East,glasgow-north-east,,0
S14000087,Glasgow South,glasgow-south,,2
S14000088,Glasgow South West,glasgow-south-west,,4
S14000089,Glasgow West,glasgow-west,,3
S14000090,Glenrothes and Mid Fife,glenrothes-and-mid-fife,,3
S14000091,Gordon and Buchan,gordon-and-buchan,,1
S14000092,Hamilton and Clyde Valley,hamilton-and-clyde-valley,,2
S14000093,Inverclyde and Renfrewshire West,inverclyde-and-renfrewshire-west,,1
S14000094,"Inverness, Skye and West Ross-shire","inverness,-skye-and-west-ross-shire",,2
S14000095,Livingston,livingston,,0
S14000096,Lothian East,lothian-east,,2
S14000097,Mid Dunbartonshire,mid-dunbartonshire,,1
S14000098,"Moray West, Nairn and Strathspey","moray-west,-nairn-and-strathspey",,2
S14000099,"Motherwell, Wishaw and Carluke","motherwell,-wishaw-and-carluke",,1
S14000100,North East Fife,north-east-fife,,4
S14000101,Paisley and Renfrewshire North,paisley-and-renfrewshire-north,,1
S14000102,Paisley and Renfrewshire South,paisley-and-renfrewshire-south,,0
S14000103,Perth and Kinross-shire,perth-and-kinross-shire,,2
S14000104,Rutherglen,rutherglen,,1
S14000105,Stirling and Strathallan,stirling-and-strathallan,,2
S14000106,West Dunbartonshire,west-dunbartonshire,,3
S14000107,"Ayr, Carrick and Cumnock","ayr,-carrick-and-cumnock",,0
S14000108,"Berwickshire, Roxburgh and Selkirk","berwickshire,-roxburgh-and-selkirk",,2
S14000109,Central Ayrshire,central-ayrshire,,1
S14000110,Kilmarnock and Loudoun,kilmarnock-and-loudoun,,1
S14000111,West Aberdeenshire and Kincardine,west-aberdeenshire-and-kincardine,,1
W07000081,Aberafan Maesteg,aberafan-maesteg,,1
W07000082,Alyn and Deeside,alyn-and-deeside,,0
W07000083,Bangor Aberconwy,bangor-aberconwy,,3
W07000084,Blaenau Gwent and Rhymney,blaenau-gwent-and-rhymney,,2
W07000085,"Brecon, Radnor and Cwm Tawe","brecon,-radnor-and-cwm-tawe",,6
W07000086,Bridgend,bridgend,,1
W07000087,Caerfyrddin,caerfyrddin,,3
W07000088,Caerphilly,caerphilly,,3
W07000089,Cardiff East,cardiff-east,,0
W07000090,Cardiff North,cardiff-north,,0
W07000091,Cardiff South and Penarth,cardiff-south-and-penarth,,1
W07000092,Cardiff West,cardiff-west,,1
W07000093,Ceredigion Preseli,ceredigion-preseli,,3
W07000094,Clwyd East,clwyd-east,,3
W07000095,Clwyd North,clwyd-north,,5
W07000096,Dwyfor Meirionnydd,dwyfor-meirionnydd,,3
W07000097,Gower,gower,,3
W07000098,Llanelli,llanelli,,3
W07000099,Merthyr Tydfil and Aberdare,merthyr-tydfil-and-aberdare,,1
W07000100,Mid and South Pembrokeshire,mid-and-south-pembrokeshire,,2
W07000101,Monmouthshire,monmouthshire,,3
W07000102,Montgomeryshire and Glyndŵr,montgomeryshire-and-glyndŵr,,1
W07000103,Neath and Swansea East,neath-and-swansea-east,,4
W07000104,Newport East,newport-east,,4
W07000105,Newport West and Islwyn,newport-west-and-islwyn,,2
W07000106,Pontypridd,pontypridd,,1
W07000107,Rhondda and Ogmore,rhondda-and-ogmore,,1
W07000108,Swansea West,swansea-west,,1
W07000109,Torfaen,torfaen,,1
W07000110,Vale of Glamorgan,vale-of-glamorgan,,1
W07000111,Wrexham,wrexham,,1
W07000112,Ynys Môn,ynys-môn,,2
